<?xml version="1.0" encoding="utf-8"?>
<?xml-stylesheet type='text/xsl' href='ConversionLogFile.xsl'?>
<LogFile projectName="79047707_LSim_LIB_V2_0_1_V14" typeText="Type" messageText="Message" timeText="Time">
  <MessageCell ServiceId="80" MessageId="30" MessageClass="Information" Timestamp="3/2/2017 6:37:29 PM">
    <Number ServiceNumber="80" MessageNumber="30" />
    <Text FeedbackText="Upgrade started" />
    <Help HelpId="-1" />
  </MessageCell>
  <MessageCell ServiceId="80" MessageId="30" MessageClass="Information" Timestamp="3/2/2017 6:37:29 PM">
    <Number ServiceNumber="80" MessageNumber="30" />
    <Text FeedbackText="Reading information from previous project/library." />
    <Help HelpId="-1" />
  </MessageCell>
  <MessageCell ServiceId="80" MessageId="30" MessageClass="Information" Timestamp="3/2/2017 6:37:30 PM">
    <Number ServiceNumber="80" MessageNumber="30" />
    <Text FeedbackText="Creating new project/library." />
    <Help HelpId="-1" />
  </MessageCell>
  <MessageCell ServiceId="80" MessageId="30" MessageClass="Information" Timestamp="3/2/2017 6:37:32 PM">
    <Number ServiceNumber="80" MessageNumber="30" />
    <Text FeedbackText="Exporting project/library data." />
    <Help HelpId="-1" />
  </MessageCell>
  <Details ServiceId="80" MessageId="30" Timestamp="3/2/2017 6:37:35 PM" Debug="false">
    <Text />
  </Details>
  <MessageCell ServiceId="80" MessageId="30" MessageClass="Information" Timestamp="3/2/2017 6:37:35 PM">
    <Number ServiceNumber="80" MessageNumber="30" />
    <Text FeedbackText="Importing data into the new project/library." />
    <Help HelpId="-1" />
  </MessageCell>
  <Details ServiceId="80" MessageId="30" Timestamp="3/2/2017 6:37:40 PM" Debug="false">
    <Text />
  </Details>
  <Details ServiceId="80" MessageId="30" Timestamp="3/2/2017 6:37:41 PM" Debug="false">
    <Text>Reorganization succeed!</Text>
  </Details>
  <MessageCell ServiceId="80" MessageId="30" MessageClass="Information" Timestamp="3/2/2017 6:37:42 PM">
    <Number ServiceNumber="80" MessageNumber="30" />
    <Text FeedbackText="CheckRepair lost+found objects" />
    <Help HelpId="-1" />
  </MessageCell>
  <Details ServiceId="80" MessageId="30" Timestamp="3/2/2017 6:37:42 PM" Debug="false">
    <Text>No lost+found object is detected.</Text>
  </Details>
  <MessageCell ServiceId="80" MessageId="30" MessageClass="Information" Timestamp="3/2/2017 6:37:42 PM">
    <Number ServiceNumber="80" MessageNumber="30" />
    <Text FeedbackText="Importing data into the new project/library." />
    <Help HelpId="-1" />
  </MessageCell>
  <MessageCell ServiceId="80" MessageId="30" MessageClass="Information" Timestamp="3/2/2017 6:37:42 PM">
    <Number ServiceNumber="80" MessageNumber="30" />
    <Text FeedbackText="The project or the library is checked for consistency and completeness and is repaired." />
    <Help HelpId="-1" />
  </MessageCell>
  <MessageCell ServiceId="80" MessageId="30" MessageClass="Information" Timestamp="3/2/2017 6:37:42 PM">
    <Number ServiceNumber="80" MessageNumber="30" />
    <Text FeedbackText="Updating new project/library." />
    <Help HelpId="-1" />
  </MessageCell>
  <MessageCell ServiceId="80" MessageId="30" MessageClass="Information" Timestamp="3/2/2017 6:37:44 PM">
    <Number ServiceNumber="80" MessageNumber="30" />
    <Text FeedbackText="Updating new project/library." />
    <Help HelpId="-1" />
  </MessageCell>
  <MessageCell ServiceId="80" MessageId="30" MessageClass="Information" Timestamp="3/2/2017 6:37:56 PM">
    <Number ServiceNumber="80" MessageNumber="30" />
    <Text FeedbackText="Updating new project/library." />
    <Help HelpId="-1" />
  </MessageCell>
  <MessageCell ServiceId="80" MessageId="30" MessageClass="Information" Timestamp="3/2/2017 6:37:56 PM">
    <Number ServiceNumber="80" MessageNumber="30" />
    <Text FeedbackText="The cross-reference information is being converted." />
    <Help HelpId="-1" />
  </MessageCell>
  <MessageCell ServiceId="80" MessageId="30" MessageClass="Information" Timestamp="3/2/2017 6:37:56 PM">
    <Number ServiceNumber="80" MessageNumber="30" />
    <Text FeedbackText="The cross-reference information was created successfully." />
    <Help HelpId="-1" />
  </MessageCell>
  <MessageCell ServiceId="80" MessageId="30" MessageClass="Information" Timestamp="3/2/2017 6:37:56 PM">
    <Number ServiceNumber="80" MessageNumber="30" />
    <Text FeedbackText="Conversion of the cross-reference information is finished." />
    <Help HelpId="-1" />
  </MessageCell>
  <MessageCell ServiceId="80" MessageId="30" MessageClass="Information" Timestamp="3/2/2017 6:37:56 PM">
    <Number ServiceNumber="80" MessageNumber="30" />
    <Text FeedbackText="Cleaning up outdated metadata." />
    <Help HelpId="-1" />
  </MessageCell>
  <Details ServiceId="80" MessageId="30" Timestamp="3/2/2017 6:38:02 PM" Debug="false">
    <Text>Meta Package 'Iecpl' was deleted</Text>
  </Details>
  <Details ServiceId="80" MessageId="30" Timestamp="3/2/2017 6:38:02 PM" Debug="false">
    <Text>Meta Package 'Iecpl_BlockInterface_V13.0.1' was deleted</Text>
  </Details>
  <Details ServiceId="80" MessageId="30" Timestamp="3/2/2017 6:38:02 PM" Debug="false">
    <Text>Meta Package 'Iecpl_V12' was deleted</Text>
  </Details>
  <Details ServiceId="80" MessageId="30" Timestamp="3/2/2017 6:38:02 PM" Debug="false">
    <Text>Meta Package 'S7FP' was deleted</Text>
  </Details>
  <Details ServiceId="80" MessageId="30" Timestamp="3/2/2017 6:38:02 PM" Debug="false">
    <Text>Meta Package 'S7FP_V12' was deleted</Text>
  </Details>
  <Details ServiceId="80" MessageId="30" Timestamp="3/2/2017 6:38:02 PM" Debug="false">
    <Text>Meta Package 'Siemens.Automation.CommonModel.Printing' was deleted</Text>
  </Details>
  <Details ServiceId="80" MessageId="30" Timestamp="3/2/2017 6:38:02 PM" Debug="false">
    <Text>Meta Package 'Siemens.Automation.CommonServices.IPI.Core' was deleted</Text>
  </Details>
  <Details ServiceId="80" MessageId="30" Timestamp="3/2/2017 6:38:02 PM" Debug="false">
    <Text>Meta Package 'Siemens.Automation.CommonServices.Library.SystemTypes' was deleted</Text>
  </Details>
  <Details ServiceId="80" MessageId="30" Timestamp="3/2/2017 6:38:02 PM" Debug="false">
    <Text>Meta Package 'Siemens.Automation.CommonServices.Library.UserTypes' was deleted</Text>
  </Details>
  <Details ServiceId="80" MessageId="30" Timestamp="3/2/2017 6:38:02 PM" Debug="false">
    <Text>Meta Package 'Siemens.Automation.CommonServices.Library.V12SP1' was deleted</Text>
  </Details>
  <Details ServiceId="80" MessageId="30" Timestamp="3/2/2017 6:38:02 PM" Debug="false">
    <Text>Meta Package 'Siemens.Automation.DomainModel.Online' was deleted</Text>
  </Details>
  <Details ServiceId="80" MessageId="30" Timestamp="3/2/2017 6:38:02 PM" Debug="false">
    <Text>Meta Package 'Siemens.Automation.DomainModel.OnlineBackup' was deleted</Text>
  </Details>
  <Details ServiceId="80" MessageId="30" Timestamp="3/2/2017 6:38:02 PM" Debug="false">
    <Text>Meta Package 'Siemens.Automation.DomainModel.TextLists' was deleted</Text>
  </Details>
  <Details ServiceId="80" MessageId="30" Timestamp="3/2/2017 6:38:02 PM" Debug="false">
    <Text>Meta Package 'Siemens.Simatic.AlarmServices.Model.LangConnector.TextLists.V14' was deleted</Text>
  </Details>
  <Details ServiceId="80" MessageId="30" Timestamp="3/2/2017 6:38:02 PM" Debug="false">
    <Text>Meta Package 'Siemens.Simatic.AlarmServices.Model.LangConnector.V14' was deleted</Text>
  </Details>
  <Details ServiceId="80" MessageId="30" Timestamp="3/2/2017 6:38:02 PM" Debug="false">
    <Text>Meta Package 'Siemens.Simatic.AlarmServices.Model.V13' was deleted</Text>
  </Details>
  <Details ServiceId="80" MessageId="30" Timestamp="3/2/2017 6:38:02 PM" Debug="false">
    <Text>Meta Package 'Siemens.Simatic.AlarmServices.Model.V13SP1' was deleted</Text>
  </Details>
  <Details ServiceId="80" MessageId="30" Timestamp="3/2/2017 6:38:02 PM" Debug="false">
    <Text>Meta Package 'Siemens.Simatic.AlarmServices.ObjectFrame' was deleted</Text>
  </Details>
  <Details ServiceId="80" MessageId="30" Timestamp="3/2/2017 6:38:02 PM" Debug="false">
    <Text>Meta Package 'Siemens.Simatic.AlarmServices.ObjectFrame.S71500S71200.V12' was deleted</Text>
  </Details>
  <Details ServiceId="80" MessageId="30" Timestamp="3/2/2017 6:38:02 PM" Debug="false">
    <Text>Meta Package 'Siemens.Simatic.AlarmServices.ObjectFrame.S7300S7400' was deleted</Text>
  </Details>
  <Details ServiceId="80" MessageId="30" Timestamp="3/2/2017 6:38:02 PM" Debug="false">
    <Text>Meta Package 'Siemens.Simatic.AlarmServices.ObjectFrame.S7400' was deleted</Text>
  </Details>
  <Details ServiceId="80" MessageId="30" Timestamp="3/2/2017 6:38:02 PM" Debug="false">
    <Text>Meta Package 'Siemens.Simatic.AlarmServices.ObjectFrame.S7500S71200' was deleted</Text>
  </Details>
  <Details ServiceId="80" MessageId="30" Timestamp="3/2/2017 6:38:02 PM" Debug="false">
    <Text>Meta Package 'Siemens.Simatic.HwConfiguration.Security.Model' was deleted</Text>
  </Details>
  <Details ServiceId="80" MessageId="30" Timestamp="3/2/2017 6:38:02 PM" Debug="false">
    <Text>Meta Package 'Siemens.Simatic.Lang.ProDiag' was deleted</Text>
  </Details>
  <Details ServiceId="80" MessageId="30" Timestamp="3/2/2017 6:38:02 PM" Debug="false">
    <Text>Meta Package 'Siemens.Simatic.Lang.SiVArcSupport' was deleted</Text>
  </Details>
  <Details ServiceId="80" MessageId="30" Timestamp="3/2/2017 6:38:02 PM" Debug="false">
    <Text>Meta Package 'Siemens.Simatic.Rse.Model' was deleted</Text>
  </Details>
  <Details ServiceId="80" MessageId="30" Timestamp="3/2/2017 6:38:02 PM" Debug="false">
    <Text>Meta Package 'Siemens.Simatic.Safety' was deleted</Text>
  </Details>
  <Details ServiceId="80" MessageId="30" Timestamp="3/2/2017 6:38:02 PM" Debug="false">
    <Text>Meta Package 'Siemens.Simatic.SystemDiagnosis.Model' was deleted</Text>
  </Details>
  <Details ServiceId="80" MessageId="30" Timestamp="3/2/2017 6:38:02 PM" Debug="false">
    <Text>Meta Package 'Siemens.Simatic.Tech.SMC' was deleted</Text>
  </Details>
  <Details ServiceId="80" MessageId="30" Timestamp="3/2/2017 6:38:02 PM" Debug="false">
    <Text>Meta Package 'Siemens.TechTrace.Device.Plc.Model' was deleted</Text>
  </Details>
  <Details ServiceId="80" MessageId="30" Timestamp="3/2/2017 6:38:02 PM" Debug="false">
    <Text>Meta Package 'Siemens.TechTrace.Device.Plc.Model.V14' was deleted</Text>
  </Details>
  <Details ServiceId="80" MessageId="30" Timestamp="3/2/2017 6:38:02 PM" Debug="false">
    <Text>Meta Package 'Siemens.TechTrace.Editor.Model' was deleted</Text>
  </Details>
  <Details ServiceId="80" MessageId="30" Timestamp="3/2/2017 6:38:02 PM" Debug="false">
    <Text>Package container 'Siemens.TechTrace.Device.Plc.Model.V14' was deleted</Text>
  </Details>
  <Details ServiceId="80" MessageId="30" Timestamp="3/2/2017 6:38:02 PM" Debug="false">
    <Text>Package container 'Siemens.Simatic.Lang.ProDiag.Mandatory' was deleted</Text>
  </Details>
  <Details ServiceId="80" MessageId="30" Timestamp="3/2/2017 6:38:02 PM" Debug="false">
    <Text>Package container 'Siemens.Simatic.AlarmServices.LangConnector.V14.Mandatory' was deleted</Text>
  </Details>
  <Details ServiceId="80" MessageId="30" Timestamp="3/2/2017 6:38:02 PM" Debug="false">
    <Text>Package container 'Siemens.Simatic.Iecpl_V13.0.1' was deleted</Text>
  </Details>
  <Details ServiceId="80" MessageId="30" Timestamp="3/2/2017 6:38:02 PM" Debug="false">
    <Text>Package container 'Siemens.Simatic.Safety.Model_V12' was deleted</Text>
  </Details>
  <Details ServiceId="80" MessageId="30" Timestamp="3/2/2017 6:38:02 PM" Debug="false">
    <Text>Package container 'Siemens.Simatic.Safety.Model' was deleted</Text>
  </Details>
  <Details ServiceId="80" MessageId="30" Timestamp="3/2/2017 6:38:02 PM" Debug="false">
    <Text>Package container 'Siemens.TechTrace.Editor.Model' was deleted</Text>
  </Details>
  <Details ServiceId="80" MessageId="30" Timestamp="3/2/2017 6:38:02 PM" Debug="false">
    <Text>Package container 'Siemens.TechTrace.Device.Plc.Model' was deleted</Text>
  </Details>
  <Details ServiceId="80" MessageId="30" Timestamp="3/2/2017 6:38:02 PM" Debug="false">
    <Text>Package container 'Siemens.Simatic.Iecpl_V12' was deleted</Text>
  </Details>
  <Details ServiceId="80" MessageId="30" Timestamp="3/2/2017 6:38:02 PM" Debug="false">
    <Text>Package container 'Siemens.Simatic.Tech.SMC' was deleted</Text>
  </Details>
  <Details ServiceId="80" MessageId="30" Timestamp="3/2/2017 6:38:02 PM" Debug="false">
    <Text>Package container 'Siemens.Simatic.Rse' was deleted</Text>
  </Details>
  <Details ServiceId="80" MessageId="30" Timestamp="3/2/2017 6:38:02 PM" Debug="false">
    <Text>Package container 'Siemens.Simatic.SystemDiagnosis' was deleted</Text>
  </Details>
  <Details ServiceId="80" MessageId="30" Timestamp="3/2/2017 6:38:02 PM" Debug="false">
    <Text>Package container 'Siemens.Simatic.AlarmServices.V12.Mandatory' was deleted</Text>
  </Details>
  <Details ServiceId="80" MessageId="30" Timestamp="3/2/2017 6:38:02 PM" Debug="false">
    <Text>Package container 'Siemens.Simatic.AlarmServices.V13SP1.Mandatory' was deleted</Text>
  </Details>
  <Details ServiceId="80" MessageId="30" Timestamp="3/2/2017 6:38:02 PM" Debug="false">
    <Text>Package container 'Siemens.Simatic.AlarmServices.V13.Mandatory' was deleted</Text>
  </Details>
  <Details ServiceId="80" MessageId="30" Timestamp="3/2/2017 6:38:02 PM" Debug="false">
    <Text>Package container 'Siemens.Automation.DomainModel.OnlineBackup' was deleted</Text>
  </Details>
  <Details ServiceId="80" MessageId="30" Timestamp="3/2/2017 6:38:02 PM" Debug="false">
    <Text>Package container 'Siemens.Automation.Portal.Model.IPI' was deleted</Text>
  </Details>
  <Details ServiceId="80" MessageId="30" Timestamp="3/2/2017 6:38:02 PM" Debug="false">
    <Text>Package container 'Siemens.Simatic.Iecpl' was deleted</Text>
  </Details>
  <Details ServiceId="80" MessageId="30" Timestamp="3/2/2017 6:38:02 PM" Debug="false">
    <Text>Package container 'Siemens.Automation.Portal.Model.V12.0.1.0' was deleted</Text>
  </Details>
  <Details ServiceId="80" MessageId="30" Timestamp="3/2/2017 6:38:02 PM" Debug="false">
    <Text>Package container 'Siemens.Simatic.Iecpl.S7BSW.V13.0.1.1.Mandatory' was deleted</Text>
  </Details>
  <Details ServiceId="80" MessageId="30" Timestamp="3/2/2017 6:38:02 PM" Debug="false">
    <Text>Package container 'Siemens.Simatic.Iecpl.S7BSW.V12.0.1.0.Mandatory' was deleted</Text>
  </Details>
  <Details ServiceId="80" MessageId="30" Timestamp="3/2/2017 6:38:02 PM" Debug="false">
    <Text>Product version 'Siemens.Simatic.STEP7.Basic:12.00.01.00' was deleted</Text>
  </Details>
  <Details ServiceId="80" MessageId="30" Timestamp="3/2/2017 6:38:02 PM" Debug="false">
    <Text>Product version 'Siemens.Simatic.STEP7.Basic:13.00.01.00' was deleted</Text>
  </Details>
  <Details ServiceId="80" MessageId="30" Timestamp="3/2/2017 6:38:02 PM" Debug="false">
    <Text>Product version 'Siemens.Simatic.STEP7.Basic:12.00.00.00' was deleted</Text>
  </Details>
  <Details ServiceId="80" MessageId="30" Timestamp="3/2/2017 6:38:02 PM" Debug="false">
    <Text>Product version 'Siemens.Simatic.STEP7.Basic:11.00.00.00' was deleted</Text>
  </Details>
  <Details ServiceId="80" MessageId="30" Timestamp="3/2/2017 6:38:02 PM" Debug="false">
    <Text>Product version 'Siemens.Simatic.Portal:11.00.02.00' was deleted</Text>
  </Details>
  <Details ServiceId="80" MessageId="30" Timestamp="3/2/2017 6:38:02 PM" Debug="false">
    <Text>Product version 'Siemens.Simatic.Portal:12.00.00.00' was deleted</Text>
  </Details>
  <Details ServiceId="80" MessageId="30" Timestamp="3/2/2017 6:38:02 PM" Debug="false">
    <Text>Product version 'Siemens.Simatic.Portal:13.00.01.00' was deleted</Text>
  </Details>
  <Details ServiceId="80" MessageId="30" Timestamp="3/2/2017 6:38:02 PM" Debug="false">
    <Text>Product version 'Siemens.Simatic.Portal:11.00.02.04' was deleted</Text>
  </Details>
  <Details ServiceId="80" MessageId="30" Timestamp="3/2/2017 6:38:02 PM" Debug="false">
    <Text>Product version 'Siemens.Simatic.Portal:12.00.01.00' was deleted</Text>
  </Details>
  <Details ServiceId="80" MessageId="30" Timestamp="3/2/2017 6:38:02 PM" Debug="false">
    <Text>Product version 'Siemens.Simatic.Portal:13.00.00.00' was deleted</Text>
  </Details>
  <Details ServiceId="80" MessageId="30" Timestamp="3/2/2017 6:38:02 PM" Debug="false">
    <Text>Product version 'Siemens.Simatic.Portal:11.00.00.00' was deleted</Text>
  </Details>
  <MessageCell ServiceId="80" MessageId="30" MessageClass="Information" Timestamp="3/2/2017 6:38:02 PM">
    <Number ServiceNumber="80" MessageNumber="30" />
    <Text FeedbackText="Saving the upgraded project/library." />
    <Help HelpId="-1" />
  </MessageCell>
  <MessageCell ServiceId="80" MessageId="30" MessageClass="Information" Timestamp="3/2/2017 6:38:03 PM">
    <Number ServiceNumber="80" MessageNumber="30" />
    <Text FeedbackText="Saving the upgraded project/library." />
    <Help HelpId="-1" />
  </MessageCell>
  <MessageCell ServiceId="Automation-ObjectFrame-Feedbacks" MessageId="ConversionInfoTabLibrarySucceeded" MessageClass="Success" Timestamp="3/2/2017 6:38:03 PM">
    <Number ServiceNumber="80" MessageNumber="32" />
    <Text FeedbackText="Library 'D:\01_Applikationen\79047707_PID_Compact_Sim\2017-02-23\V13\79047707_LSim_LIB_V2_0_1\System\PEData.plf' was successfully upgraded and saved as library 'D:\01_Applikationen\79047707_PID_Compact_Sim\2017-02-23\V13\79047707_LSim_LIB_V2_0_1_V14\System\PEData.plf'." />
    <Help HelpId="-1" HelpFile="" />
  </MessageCell>
</LogFile>